Company Name,Company Code
Rishi Laser Ltd,526861
Jindal Worldwide Ltd,JINDWORLD
Uravi T and Wedge Lamps Ltd,URAVI
MOS Utility Ltd,MOS
Baid Finserv Ltd,BAIDFIN
Ceinsys Tech Ltd,538734
Ceinsys Tech Ltd,538734
Lumax Auto Technologies Ltd,LUMAXTECH
Shivalik Bimetal Controls Ltd,SBCL
NOCIL Ltd,NOCIL
Lumax Industries Ltd,LUMAXIND
Baid Finserv Ltd,BAIDFIN
Suprajit Engineering Ltd,SUPRAJIT
Gensol Engineering Ltd,GENSOL
Amara Raja Energy & Mobility Ltd,ARE&M
Rane Brake Lining Ltd,RBL
Arman Financial Services Ltd,ARMANFIN
Everest Kanto Cylinder Ltd,EKC
Popular Vehicles & Services Ltd,PVSL
IFB Industries Ltd,IFBIND
Antony Waste Handling Cell Ltd,AWHCL
MSTC Ltd,MSTCLTD
Vishnu Prakash R Punglia Ltd,VPRPL
The Hi-Tech Gears Ltd,HITECHGEAR
Savita Oil Technologies Ltd,SOTL
